,Cycle,A1,A2,A4,A5,A6,A7,A8,A9,A10,A11,A12,B1,B2,B4,B5,B6,B7,B8,B9,B10,B11,B12,C1,C2,C4,C5,C6,C7,C8,C9,C10,C11,C12,D1,D2,D4,D5,D6,D7,D8,D9,D10,D11,D12,E1,E2,E4,E5,E6,E7,E8,E9,E10,E11,E12,F4,F5,F6,F7,F8,F9,F10,F11,F12,G4,G5,G6,G7,G8,G9,G10,G11,G12,H4,H5,H6,H7,H8,H9,H10,H11,H12
,1,19.2312953142937,24.478470738326,6.80700287381114,6.99738218105767,-0.22187738603543,9.26639627109307,8.25131037208985,10.006317705268,11.1933414561336,12.2580452869261,5.07857651360291,11.151065701803,10.3586879468421,5.2230262099838,-0.583080860735208,4.72348717802333,3.15848154313107,9.07508638828949,-0.00941197043448483,10.8163422127805,15.7088363994635,7.64425092166766,4.54280082512059,4.7664462486141,0.0254467436202503,3.33839109818473,8.69284877241716,1.11747891200821,9.86609729195379,11.001225530495,8.28219173611888,12.2215559726837,-3.78049129996043,6.64680847335194,2.28967891700086,6.58410211967885,11.8438068870096,2.97591762324146,0.494384548938342,-0.451994396055852,12.014058873855,7.02432670282906,8.9077592223598,12.1893775644921,-3.98121580579664,-1.76361579058812,1.47555734537582,5.62497529357688,5.14961275716769,-4.76747145240415,-4.49624229345955,-0.0753998735835921,7.11815836475535,1.67363458968384,5.00199528163103,2.09944111960067,5.46637387177816,1.26824857327529,10.3740572234451,10.688170699887,2.24665897596606,6.37416791185296,3.35180774567016,10.4747522020712,6.02398837045166,11.4702588053751,4.61562307376653,1.28434547133793,-1.2179407686117,3.88405636869538,11.4190805813487,7.40339353543959,11.5822950540246,13.1921447804516,6.96845516182793,7.83123740954943,6.02100514502627,11.431217995284,9.71248705831522,10.5422254782152,8.80273319741673,5.23550803959506
,2,18.1993798317949,24.4294092386217,6.19393526273007,6.81053934252941,9.53018444242844,11.6444232109152,9.22127438130747,12.1317358657884,6.96140815994158,9.90185295821129,4.63189320429547,6.70762487532966,16.0052440069171,4.68230608840258,4.68944009581992,3.61941494833081,5.34327787166785,8.90291708096265,8.05812993929658,13.1212072705639,17.3870810933317,8.08154097650686,3.55419974669803,4.69987771673914,3.74946930032866,3.89371444989911,13.4949021315447,8.7908156379408,14.1597866462189,16.8217208498572,6.88222228022005,11.7345339945432,1.71131215448804,3.80152193310732,4.94548775182693,9.77984191026053,10.5470135508367,5.71394394635308,2.21933606953189,4.73680068295744,8.86280679758465,17.6993134212789,3.61791678460986,9.0869222701981,-2.79626886643837,1.70729012091942,5.42175685068469,8.27282428456738,1.39003148248185,-2.87558110202281,-0.919779853994896,2.09678441501364,10.073707009883,7.06138936389925,9.42120652684935,4.59542394451637,10.2273403471449,5.99997808256194,14.2740252395211,9.60833232062669,9.77847477576643,7.98258905280227,2.56381253806785,9.42159428142213,6.25290721926967,9.89350943643649,5.08903863082378,7.96543369361052,5.65600600981406,7.29334033466102,15.128444451801,13.0189249768609,15.8867774595842,8.20991107715781,5.68073712852765,7.5893998410952,15.7645057203131,9.49157382687963,11.5571678192127,8.70333722822988,6.03295845719913,10.6052037120025
,3,23.6685610819736,23.9301213715744,3.58841941748642,2.11016200788708,5.97614411417499,10.0271029401051,4.408656919843,7.90391827807025,4.28455100757628,9.53921716200102,2.76355725661369,4.57600302019182,10.936354108027,0.983974154895805,9.61697725543536,3.97700991025977,11.9720029090913,12.1603840251732,8.2091467098785,10.5212833215901,14.627640317015,9.92422426176381,5.48192093470516,2.09331807459785,2.9858849600937,2.85994886886192,12.7146557854153,14.234641783672,15.0640400393982,16.3775107589872,3.18257460268069,3.19048946639668,2.16262605830161,2.90454577444325,3.36361152936888,10.6377944029427,5.40446534689636,3.15354381555699,3.6267014262894,3.8831636255527,4.25260389770574,14.625327481654,3.86190611557959,10.2506113517552,-2.14218078076692,3.45751498325171,2.37085373205946,2.64664414803929,-0.224901185384624,-1.33504176896395,0.790171674220346,1.44555682166629,14.8375917611756,4.05442235735745,11.1945058657534,12.362865939609,9.23102073871132,10.2811789151529,14.2786633032051,12.5267345134457,12.8005203169128,11.7938106746469,3.03375164997351,12.3967843248083,4.13566192304734,15.1555391080096,4.33858350828541,7.97307984577174,10.692761433706,11.6562543764044,13.0740809679587,14.297891429972,10.0649584127996,4.23180134127142,4.25891834919366,6.34189577166126,18.8816547874767,15.3498232920615,13.3735033429352,6.98694838966912,6.16193636818525,12.0486667304799
,4,25.7814090718434,24.6729419363223,0.599630710520614,-0.311845601821915,15.6857627103918,12.1334413057143,2.55036696936077,12.0552808229504,0.214929298896095,7.95470767650068,2.31033127578894,0.454445276505339,13.2798771389985,2.4611461051104,5.13744908561875,6.25276315229075,12.1734812773748,13.5775994974742,8.8525834623365,13.9622463367932,17.5432492326913,9.05020736150027,1.84461322316292,1.89055979440582,2.1881522105391,2.55495404817975,13.559861358925,15.7163204821754,19.1616000439221,18.6009205266032,2.38491572006797,1.7080988785433,1.25728553143426,3.18933491720327,1.96704973166834,11.078747499279,0.255198720879434,3.15307375704469,0.799254669459515,-0.390835383130707,2.51536316592319,15.2448224653272,0.554239325691015,10.6343354800861,-1.36874779891878,-0.569033015496643,1.4771856251491,3.83217258585091,3.1202917839114,2.51777071349215,3.16779690804788,1.22199425755616,13.6173209693338,0.598526381927968,8.72199773804095,10.8231466762109,11.9305723286748,9.47023395239466,17.1237959135174,16.6616051267865,14.1693076470538,10.9194890511753,4.46591970016016,13.1231253876458,0.782555191188749,12.5894326693046,0.415205378570136,9.25826971621609,9.78357113732545,16.5520170007308,16.2480256954736,15.0951188348254,13.1403948965203,1.63777252385808,0.291707520117598,-0.691397158695963,17.6305962143165,9.79175264430296,14.2736631283506,13.3089927480919,11.0299469999009,11.2025219136472
,5,38.2922673291305,38.43675830746,-0.604474585499702,3.11135623280279,15.2834289349466,10.7950192750404,-0.313896264352934,15.8214481877794,-0.0925062734322637,13.1554269152853,-2.53130982489392,-2.19916218489789,15.6688810019791,3.04137832847528,9.73912434037675,-4.16964240477955,14.4651889288016,17.2920734030104,12.1343453899094,16.8428758224363,21.2618408412495,10.6166492096395,-1.92658230269126,2.93677501683578,-0.152468870630855,2.13758192296882,16.8322744270349,14.9986476501631,18.8000482859093,24.2924838547342,-0.00880739807325881,1.22895326941671,0.455761917233303,2.8907519755694,-2.20397327940373,12.7650045651726,3.31698176609461,-1.60151642610708,1.1314235380828,-0.498192322241266,-1.70878624183297,19.0399798824305,1.31006429013223,13.3249554261256,-1.63549820867092,-1.68744007383202,0.37943640176718,1.07395947741816,3.01447736174032,2.16583815509966,-1.451021459618,0.891646725451665,16.4008294714167,0.427260874939293,14.3961826232512,10.9129653724385,12.7927262963317,12.8974692112351,20.4693221186785,19.211026687572,18.7007698089787,16.6347033269808,-1.7381693174566,16.1936781364639,-0.985619846477675,16.7964206946822,-0.162771063246964,11.7944245908466,8.95427000619111,14.9035356909635,18.0477382254267,19.7536317723952,13.3221603458442,-0.892389964065387,-0.21542597226744,-1.77538761954975,25.3658997312764,17.4889243840848,9.85884015387592,7.4116481978499,11.1669226292934,13.0820518336968
,6,52.7455634721109,61.0751432993757,0.892426705702746,-0.620085499378547,17.8220873072582,15.6942396218324,-3.74678598216997,11.3502695649445,-3.60938901532472,16.1443893248347,1.90070779110647,-1.4945029836299,19.8340774986664,1.4414172394072,11.5754228194032,-3.48342091186078,16.5239730671187,20.5524217665775,11.5002612698022,18.6903755027156,24.4514833146022,14.9523720666634,-0.808432873267066,0.290525536500354,1.49906726712152,1.09795455699577,21.4176215079451,18.1571051357978,23.8672174951375,30.0069350952476,-1.5666835088864,0.252005112856295,0.0663096571233837,-1.32210304240652,-0.86821924272499,15.6013961041472,-2.48570330864231,0.233383856293585,-3.12995229194439,0.891724169326608,3.03904043433704,25.2598439165708,1.41272589438358,16.6693643839817,1.4123512109727,1.21410763090171,-2.70619655094106,-1.37067335709162,-0.64676714608413,-1.19458909870218,2.72542307001959,2.1501654530407,25.0795039652212,0.512429026997779,19.9677591452505,17.33541447165,16.3423405747003,13.6899051496098,27.9442309098636,25.3306304297685,24.2356308165422,17.6521348595029,-2.35227465971275,22.1026063574091,-0.150655370832283,24.1420997223199,-0.44706441955941,13.7963478230295,11.7069809876343,19.404896166533,20.6637817627629,22.3627599753158,15.1763550005389,-1.25736079894159,-1.15488826675892,1.19770803151232,31.5320613956114,20.8263739555932,19.0553539795897,15.5547898030427,12.5389775395324,16.7267313880484
,7,80.8081413448676,92.0387231781219,0.0468231844852198,0.308342391077076,19.8268330363817,22.4708305132331,1.09007247351201,22.1032590972718,3.18576530870951,18.5039056919495,-0.823352409335257,-0.0582776622682104,24.5038648471577,-1.78505356409778,17.0147313608895,2.3645651132224,26.0296078133651,26.7368357863411,18.7807189656605,25.2007186691685,33.4379575214584,19.852290611379,-0.607065834046807,-0.918706615491828,0.951776405993314,-2.28204079664101,27.1133229084617,32.0444905840259,35.1122656083335,35.6625919022267,4.79533825821864,1.83707184490459,0.537393420489479,-0.357585330839811,2.37147581892577,22.991323268514,0.157343675085031,-2.56011262685115,-0.096069058834928,-0.950103875074092,-2.46615046070247,30.5647643815469,-2.94174524842038,21.7611877852473,-1.4790475740906,-0.543550694778787,3.006919029041,1.31278198213158,0.950281470644313,1.58866178512426,1.87483902734039,2.61566204783321,28.866936870827,-0.77291404005291,20.5346427957529,24.2420131673412,21.3555857542278,21.7988759527811,36.5669421548664,32.9183920815499,36.4796555291987,24.7843941911774,-0.00545085972362358,25.8378533514951,1.9198661722553,28.8948800254643,1.85191602787881,17.8355814844181,22.448216526906,28.4164443005338,30.5911603308068,31.2074390777866,24.2346901149049,2.36078162464264,3.90908670149429,0.910976037979708,38.2662057782068,28.1548593645311,27.8686625478326,18.1456571124049,16.9837222571846,24.8731954580653
,8,130.754382286349,150.949308857501,3.62072367486189,2.48433755858014,25.2438675760527,29.6402423957115,5.97141156091266,27.1705087097125,3.20542595006964,25.0988900950069,3.75736394448541,4.74270494320263,34.4606962296775,3.85168617423096,28.1925379559834,6.17268443511739,37.8309311577923,31.4188478913707,30.4931681496741,39.1090235478723,41.6961978991608,33.5954016691189,-0.31832820901991,-1.7398575347238,3.3974032152687,5.97007124894844,36.7950714809649,42.3556411685595,42.9468071860515,50.7724152688666,2.04789630195046,3.30849531788772,2.67245177689028,-3.08919568359397,-0.601685170347082,31.7637006852578,6.62371538932848,6.21447558941054,2.55482567410809,0.967945397393123,3.74999948898767,36.2228944348217,5.93896453920297,31.5286535226783,1.49816911758035,1.72937168558201,2.07014028025969,-0.584434627697647,1.80935390414197,2.99459975212221,-0.548530272976222,1.16521096935548,42.2607090720567,4.86025298012919,31.5359477019351,35.4701890771817,31.720538854574,30.4878128452424,51.7840165807875,55.352402464684,55.7230947601811,36.1464391419404,5.83939505435774,36.2419327664024,1.68167401762639,37.5975394499769,3.53341578996196,35.1955726508063,33.3157012584693,37.3332027626266,43.2195380189637,39.7484620057689,32.9549655582391,3.87099004777747,2.2763832992664,4.78585272344299,47.2113705302791,41.5180976574297,41.1005534278861,31.7039421484674,28.7618296292699,31.6116852506925
,9,224.953168666851,250.473999191502,8.97364784043066,9.80722482914007,31.6377934645029,44.9028225533634,13.2349717915226,43.9588215442764,13.7750643787526,37.0724325207989,16.1426511919544,17.4106770638264,50.2360621668304,16.4504929909949,41.0003660646539,14.255714369111,61.247074552944,48.6214676016075,51.3619299924703,58.0064704558604,63.2468892915131,48.0954568024717,-1.02779408850711,-1.8455207012903,15.2633438914863,16.0050609240843,48.0280238730443,70.8683776851485,62.574656680998,75.1949434018152,14.3654680672389,15.9901045293564,14.305011604044,-3.00684554145528,3.3015237565437,47.1275359427445,12.3432061388462,17.3186963627559,2.86548495549641,3.12794695615185,3.6819677552844,53.5444655711544,15.8981070256345,43.8964714708413,3.52244671140852,-3.13452638085391,12.1975896453896,5.51144145550461,8.50481309952329,0.324349606842134,-3.45355209795389,-1.56179165979393,62.2672340830381,22.7395641616768,51.7385909669188,46.8045868110216,46.2272809838905,50.3497953477463,82.3025937398411,86.3257424897247,91.8670311681813,54.5773465276184,25.2460819467638,53.1587117719928,2.56775403251231,46.2728358613826,10.3990756398184,52.4222653839479,54.5018507636769,57.8175236711127,59.2751056848047,61.2042732765281,52.3395240585141,12.0400250045782,12.6645793799016,12.7069267856909,72.8121606393943,68.4993581266303,65.3747296431652,46.2568680653576,42.3934915189293,42.8141409274749
,10,359.087292142138,411.346987080545,19.7724801769518,24.2048468139883,43.7136581964974,71.0174677716609,35.6074850109326,68.0201078287673,29.4462685798158,57.769780576984,28.6278401981872,38.8834490197046,80.1504992747014,42.2168420926041,71.6988848572141,42.4139190354745,93.4951881534143,77.1442204415885,85.2145928669265,94.6416917267015,98.7152168493831,79.8713062283841,1.62611371010871,-0.609084409435582,40.2069361871027,40.6045760558468,73.6805764711239,115.075451871976,101.517926628449,113.861993131999,35.4862741530105,32.5856931105918,27.800785306983,-0.891172475477561,-2.62254166880575,72.0810342689847,37.5298906778262,46.714807082983,15.0424890198483,15.9118395552364,9.17022480620153,72.4349462472737,38.7872249633137,68.1416885511003,2.59195569434269,-1.39506709929583,20.6632737242408,21.1302087049157,22.4086504443708,1.60262739418658,2.25102007502755,-1.66065421844496,103.727085339196,46.4636360633058,85.1989679216395,78.8862239828031,69.6338505517419,81.9682443389665,136.254836797199,142.299636892911,149.260192567045,85.4740634401596,51.6324808827108,81.6117498634972,27.628808101766,66.6538975300609,28.4187628857271,85.57322349775,88.4337159676656,91.4212622187833,95.9328192195676,94.5634364747007,83.5697955279293,31.772002799858,33.4614234174082,33.9057689740239,113.424329677375,108.457887384271,111.245355233367,74.898003221725,63.8663895719751,63.34499560837
,11,530.314127933517,611.732666829083,45.6271913691166,47.1657566757376,69.1198159685609,117.000427949803,73.7829380180319,110.084105956191,59.3407464270372,89.3870943254001,58.5392482510229,91.972100409937,134.974174874289,91.0778157379323,129.415849036244,88.7726329426241,161.538987921746,135.9514956493,149.201615942415,159.382220768297,171.127488384088,137.735680674134,5.07387529634161,6.86679485435434,90.2664289946792,84.5655409302558,124.682369049424,197.215090944088,171.97847736944,186.793239346786,70.0137458855256,68.8524613893096,60.9720919940601,-0.210668979557795,-3.00026893119139,123.0658179286,78.4895237752662,89.4832394773334,34.408268740026,33.9529792063777,34.9549620466755,119.904660617139,92.1306196530022,110.523130281023,1.49896140533519,0.871941877389872,50.9664916291554,39.0712675470008,47.5208078238488,-1.77492718335998,-1.57090017235851,-1.01488631613483,172.982626010893,92.8322944391166,140.320610831584,134.414419894737,118.586539472617,142.272792116592,226.028438237787,241.427601355798,259.717239112717,159.246479292232,112.773389243825,131.149602601081,53.2395307793254,105.005018745557,64.9856329975792,143.420734896079,154.800324954186,153.948146511766,162.72703779777,159.109066227863,135.555226214339,72.8547734578374,64.4605348212795,71.9339986947352,194.404952404899,192.569524683159,189.006947281441,125.727412446772,108.338606120684,111.574235277093
,12,692.999041657654,807.960463150753,94.4034772183486,99.1290710907424,101.577999958932,199.506240309555,147.694477386234,191.353954193789,118.577833810612,154.028122346359,108.316151305367,181.807442262521,231.429987076483,168.258609245755,226.707745698555,179.881053067275,278.70838728665,235.538670190429,263.734962399119,275.185803003952,297.127487743489,239.018105526077,17.5720899475164,18.458170935779,169.714274101937,162.491991992138,209.312522305983,333.078069325386,287.364249522049,314.357815837453,134.320112586998,136.735568251265,109.536211802946,-1.10756536454937,-2.10406214246132,209.384918474022,154.767656610817,174.98652085442,73.53053986234,70.9426532708244,81.7440991359731,196.858434319934,176.133426656711,189.502591074121,3.76226043245015,1.39231920515886,101.646231493619,80.6897516378585,99.7767996231155,2.06507740077313,0.313988115936809,1.78266669227605,293.782202473346,187.549820875903,247.640505787497,229.46280461088,201.348909410275,240.044026813256,378.294356774676,412.896901071165,445.507265562684,276.557257947214,223.055972325887,220.574976925996,113.261644521139,175.958801324474,130.161509502044,243.760104005431,271.309863885931,264.993580145027,275.506500863515,262.66492621362,234.38737013655,138.239704660442,133.68428658937,142.323164261717,319.280475200123,326.099107534654,326.257168488116,211.357593322047,189.924737177013,183.861965788857
,13,826.502341067793,970.865857700239,175.043191374425,185.757763323478,168.008749197335,325.359530375216,269.249308199209,324.166147645728,207.761973680895,251.664964471212,201.655309929352,332.021332067286,395.711203626431,309.538799289648,388.353113557022,325.298366303985,468.600403636402,394.478517448795,446.703710439983,455.083600306101,486.801723422875,394.917531375612,40.6748814869807,44.9612983208863,315.544228527483,304.446385717515,361.177758778284,557.879867791432,476.208000456422,514.962150059188,255.729206735939,266.254883460549,205.751801109599,2.55716751922364,1.26819983155292,351.403349004358,284.978462068188,320.806011677626,135.828195806723,142.644412083831,159.536559019149,330.455761097462,321.456063025238,318.512185020958,0.941947297000297,2.22191961788258,186.320579283642,159.931326476678,187.994410671236,-0.970030019249407,1.01400665412848,-3.0583534088928,492.810823981201,345.158625288987,416.970442350741,390.843128389768,341.029342881645,415.863906743263,624.759689048391,677.537728225685,721.34182405992,479.202157561042,401.834124339658,370.105548828742,210.881468323643,286.89671925181,239.264827324109,409.778816146782,455.944777620174,445.884114819417,463.04944745428,445.234735892783,391.914360828823,261.135857650818,238.116869981148,262.809430567498,522.320965175632,537.970954178968,539.733514212636,366.913447631585,319.479157232417,308.258011527535
,14,923.002608987128,1089.54796599996,304.889490286997,318.570976194884,275.951361404977,523.844927205669,449.785171498801,516.224052673148,354.426804337836,412.731795898175,354.304462867652,551.917978757148,629.127370725164,525.305524878383,621.645366874429,546.619176525346,730.091586021158,625.716181659325,713.782260894778,705.903635768609,761.394421587393,613.478229497651,85.0528699288702,85.7414572915632,534.908746083024,518.392042626507,582.869648098867,857.964919729076,740.285627612072,800.947732685915,452.974899735289,463.110314879978,358.171084636745,5.59899749627857,5.84809908581792,575.639842596067,492.493723882585,548.959872281783,256.867027869508,263.553123257155,295.473952057745,525.568073936266,537.001034626865,504.866142701248,0.0882319121824366,-1.03401279278523,333.130643154449,285.911107325816,343.54477419245,-2.03138852778829,-1.17724919601869,-0.636712829530097,784.811069810733,587.131463550688,665.966643271796,634.656146193179,571.359362985414,679.21226675341,964.072874335366,1010.59575079705,1083.34980135158,779.173675642938,672.418004605018,598.84185610288,371.526263786565,462.534459597628,421.081489137013,653.100621911001,720.980596302367,701.279654078378,739.020349820696,707.017719867287,627.585387063986,444.681024925544,414.889724017081,457.519516655471,795.853811873521,818.377536356476,828.064472818026,598.107137460288,529.94522402896,505.150915823467
,15,1019.80877901058,1169.20094353775,495.991425984841,513.691866619802,429.756601800532,757.40893015247,671.982166749649,744.051585740777,566.316161372268,632.455217074354,549.383064278391,805.338538090964,897.622441983733,797.550083112073,903.585521889308,826.343018311563,1012.12255267373,891.650141501088,1016.88181888876,977.611707953003,1050.22442420138,851.565459674879,168.800706405624,169.735379855599,824.551717556363,790.59732656636,902.387706368461,1187.50913627147,1045.11920912711,1133.55742097621,736.064936731123,740.566345792372,583.523575863507,10.1802085740419,16.0259498516698,861.670876793092,775.11207915396,846.538901311291,450.229910541753,454.875151531609,509.602455105439,794.80624006241,812.132905978238,760.853489871708,0.849861022992172,-0.430665210815732,558.728258958414,491.675774135768,583.605547461992,-1.27891179969174,1.27520962700783,0.813402207392755,1123.46075435167,906.599145812359,957.433781753003,961.293810127107,876.764105754531,1027.25061063012,1296.44202088711,1324.49735280665,1423.84433529526,1162.43348097784,1012.14548533045,890.695297327593,602.050516769196,716.0038241644,685.584305288318,947.486396554772,1027.83670244266,1019.51791350803,1074.64418122244,1014.18164293395,899.17542622672,706.454863383197,661.821640030412,729.264187889025,1090.99053281764,1111.44882675987,1133.24027277842,903.98839290948,815.248760191165,771.151858865648
,16,1091.88125857713,1222.06118390756,722.485468072237,735.945362700972,631.466327295895,956.379471881331,865.961925898986,941.003802601193,784.902497941177,851.580930164561,753.820858199379,1026.0279750058,1135.99932113487,1057.9257098172,1159.96612826835,1080.53347998002,1256.64204792414,1127.60401015348,1286.36551927044,1213.30638755687,1300.88344723285,1060.38229017348,302.782035278888,311.579941901216,1122.85489178723,1067.43588295089,1216.15501492064,1468.62942562251,1317.16482594959,1432.04137360015,1077.29044018873,1040.66102224514,848.919173906738,28.3684355998571,35.4798809725557,1130.95843196063,1073.39286835841,1153.42986546261,712.608386505948,716.59823194083,806.470144688057,1070.23405443684,1074.98000571986,1001.57984303205,0.880110284605962,1.24740099420433,863.646776571156,777.080438310555,902.327175806068,-3.92074183010891,-0.634542144312491,1.62346404440541,1428.12954026076,1209.68284165012,1222.05437068092,1273.95445768965,1205.68690833384,1353.96825550423,1584.93979511307,1584.47441512146,1704.0764975795,1514.75424987797,1328.37098107467,1164.53109137675,872.487426025292,1008.89781277277,993.629256065491,1215.92892903742,1301.62587980939,1306.5521836441,1383.60927089929,1292.67461191102,1144.9314576981,990.936560111717,950.470471217118,1038.78428482,1343.49473176699,1357.73003484213,1394.19698536444,1196.85405935471,1103.74852750205,1030.68339630679
,17,1143.49815414117,1256.13400130516,900.972150362275,915.525644398952,815.506348325771,1114.0416022931,1022.11063441169,1098.2185592362,974.195349405293,1038.65840476117,926.670256966695,1205.44703115994,1325.29358541275,1269.95762645334,1366.59930743319,1284.50062911121,1436.60956367177,1308.63762176705,1493.49173082021,1387.00246764969,1486.88577832942,1217.31713067289,508.017718683564,529.937952433588,1372.13693875822,1299.51308171601,1496.76187784772,1673.82894122317,1524.06545005367,1661.2618049216,1388.3768357403,1303.09209126189,1092.37420785548,52.2127126424825,61.3366348798963,1355.42497674324,1324.53369174244,1410.84885706747,1007.87409879748,990.225799644123,1101.48574990025,1301.59080836578,1286.75631951093,1196.80233087689,0.919746057886641,1.26509408465563,1166.88627294382,1074.16656739558,1230.46249240493,0.472453090778799,0.435623591154581,-4.53433802792824,1664.48970612044,1466.35194411664,1430.08222223588,1541.36648841556,1489.68878209328,1625.90213223595,1789.13195752868,1755.01177636504,1890.29365488749,1804.11351649868,1588.05849375995,1393.60319052573,1116.34064408055,1270.91554542825,1268.23622075314,1429.49835077368,1515.4381958376,1532.30985339196,1630.01967671508,1514.63846785266,1341.47491669033,1237.87494278228,1208.15776115026,1310.62190705116,1523.26781999092,1531.08090770697,1580.37581186312,1444.75441309803,1346.9124645814,1247.73714413588
,18,1152.03545926096,1278.71534830571,1039.96100592817,1053.28984160318,966.728852373444,1210.32453750842,1117.91571825975,1195.6763251304,1113.6084442213,1171.56615001928,1048.93279927703,1330.21289142289,1455.30348287033,1408.43544058655,1497.87408923587,1412.6494551992,1538.11540982301,1416.33245009946,1617.32122955961,1487.57350606636,1591.95567450746,1308.29068111377,774.305435516872,800.108672263817,1541.9642064669,1458.21699933127,1693.51966653759,1789.98609127187,1646.45129533813,1800.75768735332,1633.32763040132,1499.66830079557,1287.91226493221,100.643045552504,120.181256052402,1502.46621823658,1496.47079468591,1586.74636334587,1262.72955752848,1222.27636127129,1348.07130445699,1464.80756650956,1424.75632272768,1323.59067425935,2.78217395334605,0.864165960882474,1421.4156019923,1332.55918558814,1503.28930165266,1.8312607757839,0.528555242996845,0.83397961051196,1810.98715667128,1638.37760965666,1559.36075612313,1722.48397120921,1695.9814102758,1809.57961475732,1901.23918192624,1842.00857071299,1984.6507548837,1993.69441609847,1756.94120024675,1547.19329059845,1305.96985653298,1472.32515613663,1480.12481941676,1565.51319261319,1644.75995719308,1675.77547457478,1787.70807415481,1656.86297985695,1466.88056249466,1420.18552116734,1405.42679202811,1510.58682718537,1628.47528063064,1628.23535059336,1687.53016570495,1613.03373666099,1518.65466946446,1399.15821222002
,19,1156.68583444013,1292.79403867832,1123.99368834529,1132.22930952327,1064.01597104937,1253.583204557,1162.17209905973,1240.81931681906,1192.65111231273,1246.66383786101,1117.54797708217,1411.53604308417,1540.699792257,1475.19616200479,1559.02931356628,1472.57845875886,1577.02706320467,1465.29096018021,1671.10735846355,1529.32250049129,1632.84007677496,1345.33688004606,1029.42319215271,1061.62587529859,1633.02066814428,1542.27247006484,1804.87302527276,1836.62713925218,1698.75345238746,1862.10711130704,1789.99222390037,1616.13622519344,1416.74464559468,190.217742974957,224.123687745489,1573.88481472517,1588.33613292301,1678.57019231025,1451.31446437722,1387.33558677554,1517.17480017165,1555.68748780386,1488.14734057882,1388.94584224133,-1.6168550907455,0.996073135447205,1597.34304702842,1521.74318089465,1690.21386522159,2.32044812319873,3.44532620517384,1.10801668746853,1878.49398592894,1727.6973657075,1620.20844621343,1819.86951149521,1815.02438440138,1907.1370610677,1942.64978371176,1865.89401642087,2012.51941887829,2092.51188822385,1840.5312084909,1629.28891493543,1425.07520022157,1599.26482180267,1612.92599354418,1630.69811312758,1706.10651456368,1745.49392276705,1864.50212990398,1725.33507643566,1527.7922516007,1526.6672072305,1526.15315954529,1631.23650482184,1676.10533649124,1672.49835216494,1733.09202771373,1701.18664634174,1613.81454826117,1479.35712930633
,20,1160.41071821607,1299.72655141339,1157.73753946149,1161.90102993457,1112.38738609208,1260.48034093196,1167.16745575155,1248.59561501918,1222.23304418519,1272.63412210823,1142.1879885191,1465.32980243423,1594.02959514155,1486.76085767385,1567.05458138372,1479.90876836146,1572.15716924997,1470.84343112517,1675.95692467083,1528.61033690909,1627.82626575527,1345.41322652506,1241.61850805038,1280.25159973426,1659.67536906999,1565.38794111636,1843.64678891095,1834.82216380374,1704.69382861674,1871.74201468006,1865.37265286097,1663.65294750522,1479.81494273333,336.502152702989,388.669249973485,1589.26740873873,1614.27548408583,1703.88543177403,1560.48459132003,1475.39183895374,1605.72399088115,1589.61308003473,1498.53571034897,1404.58422759419,-0.740334765564057,6.37773109212549,1690.11219142742,1627.94780575625,1789.16061793018,3.61364955045428,7.87747124848829,6.39564318121302,1885.42153771403,1750.17939872375,1626.18464589109,1850.88811315459,1861.23489065187,1936.52588236267,1938.24451873757,1851.80631101329,1996.0945333931,2115.81538598799,1859.24235463147,1649.12858480467,1480.57829046289,1657.4583684404,1675.06464409593,1645.32446564718,1716.19110175504,1762.15811490962,1882.20763487962,1738.52678589733,1539.96388572774,1571.51022047767,1582.07037791259,1681.2545738964,1691.43937009003,1680.20400743602,1743.05360087594,1727.88447060913,1647.89325401003,1505.56782587118
,21,1161.33957316317,1302.96866404565,1157.42115641958,1159.05486056813,1126.69990779941,1245.89898538252,1152.09749678977,1235.55907597168,1216.30033561117,1267.7962422476,1137.22614810001,1500.40126200446,1629.15155085015,1461.76328373942,1541.28128911631,1454.65421583395,1542.34872537942,1454.40339863609,1653.32241609481,1502.70818924284,1593.78836222905,1323.14297502152,1395.28986587655,1437.84207276939,1645.15055308366,1549.44803014112,1839.69670357076,1805.93199082939,1685.1702508473,1850.76986015742,1884.38211846922,1662.62133058637,1497.67393787518,544.843952678623,628.725692493457,1570.16158856165,1599.6331205942,1687.56797200277,1608.54441378647,1507.32482242882,1632.58807622882,1580.8702434107,1472.1675145066,1389.12706117413,-2.12042053301548,-0.121101743255622,1717.4348271201,1669.3372252492,1818.44342914108,11.2788733244456,13.3994183714158,12.7784711233753,1857.31828692039,1730.14180318088,1599.35129096467,1837.89741808372,1859.60891646064,1918.90656934755,1906.89314928861,1816.7151458014,1957.95376575545,2089.94547811099,1832.13087349913,1632.34214944426,1488.6141970711,1669.87974033656,1685.20614757878,1629.63054831045,1697.87701682577,1745.21335400285,1862.34531783059,1713.77359762992,1519.32648093073,1574.93925352029,1594.38285893722,1690.90343119143,1683.32218349994,1671.6356488178,1730.55084607586,1712.60123793145,1636.23887463994,1492.33935338494
,22,1161.64813365545,1303.40284600626,1135.23629052588,1136.02084269044,1123.81186987173,1220.39926669052,1124.43013326996,1212.34131954343,1190.93550752718,1241.92257555086,1111.73703864876,1521.31907646139,1649.90059544999,1417.66109504357,1500.58096760227,1411.38516474741,1504.24394181755,1422.74622980752,1617.30165795677,1461.94760025614,1549.58038204211,1290.56779429443,1494.76595124111,1539.98329599598,1606.45412366995,1510.86824209539,1806.58433001412,1768.40836203563,1652.58430562403,1815.27078250993,1864.42361227357,1629.59974585003,1480.51022759775,785.404924844426,882.155868550266,1534.91204093924,1560.59909858548,1646.80217333867,1609.68502990679,1500.5732366939,1620.05770283119,1548.40787401953,1427.64220611337,1351.5542078202,-0.00518943117685922,-0.69686774983802,1698.73753195309,1665.32903809204,1798.11223707334,28.9407580724442,28.105467315379,26.0944417586102,1806.73806737351,1684.21688303324,1553.33591478844,1795.28243609414,1825.13998676933,1873.93629980463,1869.68928271739,1779.02165451079,1916.99516640465,2037.68558802909,1783.18101469668,1591.10157461387,1467.4245236524,1649.89346481468,1662.0099704957,1600.43167990512,1665.39579095117,1712.77412025695,1821.06234047377,1670.6529021604,1483.28664004389,1557.09803020142,1579.99657621786,1673.89261986414,1666.22835748037,1651.12748165094,1711.51489024799,1669.96267831397,1598.36888087717,1456.37612693658
,23,1160.83762025387,1305.20016545184,1102.6544823559,1104.01226841388,1108.07064633638,1193.29655835374,1095.32921069743,1185.58662277161,1154.55898231039,1208.19683674945,1078.78094996712,1531.36680072834,1664.025619635,1371.58659090667,1458.71855619173,1365.48205174475,1470.0939121674,1390.68880119214,1580.62811195482,1421.87920913682,1507.88706019283,1255.40084713587,1561.28902391101,1607.58122522227,1560.04985254672,1463.7647050369,1761.22886891331,1730.55190374449,1618.26442907283,1777.0570599804,1820.40316552129,1582.71961177301,1447.74613205986,980.669142810812,1106.50921189849,1494.41684852081,1512.2794763396,1600.26945057633,1586.88709015031,1473.15366816521,1584.1711065702,1504.76848288679,1379.07538320915,1311.22630515385,-1.2370426177331,-0.0813286383649938,1654.82088673166,1634.94766224232,1753.53848955198,50.3629358015269,59.3464546913224,56.6578237594831,1757.65094869498,1633.8579856521,1510.90641638466,1742.59234166961,1775.45845458118,1822.53355878488,1834.36218901423,1747.14196097488,1882.40682929814,1981.50545667412,1730.59592654515,1548.66417228479,1431.83388779969,1618.44955046221,1622.27461128719,1569.54594107961,1630.81889921069,1677.53079332945,1774.71970290803,1624.56828103741,1444.5219811827,1527.50613095526,1550.62988112755,1644.2426735917,1646.58658590801,1632.75354194945,1691.73703041537,1621.23591697499,1550.96542238912,1412.90964678908
,24,1158.72976944848,1304.9062933046,1068.79252103013,1070.09259951161,1083.25594669375,1169.52107106441,1070.05330646434,1163.34097125722,1118.40085155487,1176.74929306041,1046.16909152765,1534.0262361233,1670.13740170679,1332.65231351377,1425.36300256116,1327.06190933897,1445.51865755769,1363.46910586386,1552.12698776868,1390.56678904792,1478.72609612172,1228.16464207129,1599.20475919852,1650.04485350463,1516.6836173674,1421.61769458132,1714.88030159575,1702.40050560908,1590.5002072295,1745.17010523602,1767.42417479785,1533.68869420116,1406.1180307096,1139.11170071032,1281.20530950047,1460.58628386277,1465.04658820488,1557.150839414,1548.64031126677,1435.59468121871,1539.15296042172,1463.99672315918,1338.47322530359,1275.98370814051,-0.817348607055919,-1.68915281492173,1602.62084085516,1589.44580848107,1699.06489236014,100.798956680837,108.906815672723,99.0190392432164,1716.62481491219,1587.86740251188,1476.58012175632,1696.01960125045,1724.88724702585,1774.42440097633,1810.89321267214,1725.14917267603,1857.63364161934,1934.64671651683,1687.52423721997,1516.88628086931,1394.94517559282,1582.13425172977,1580.65307939197,1542.05736817921,1603.65632991599,1650.28648676811,1736.66495312754,1589.64101862039,1413.37502541529,1495.19459320316,1517.00379492495,1607.51174643667,1630.30753159309,1615.35795625135,1675.17629209976,1578.62551915227,1509.29797455839,1377.48991986421
,25,1154.54937824185,1306.06427538813,1040.46169501435,1043.78764482009,1058.51080778802,1154.89689477814,1053.71550783642,1149.79149200276,1091.5733647395,1153.92356611539,1025.28117239749,1532.94747229256,1675.30460384028,1308.02142243857,1406.68467810646,1303.26727436616,1431.84523940601,1347.51601193868,1535.46602433216,1374.01791810312,1462.2474717224,1213.1191338864,1624.39626084117,1679.03627772082,1485.66052010356,1393.69834059904,1683.2389426163,1684.84128006822,1572.85110540309,1724.94066288814,1722.12344262543,1497.47503396747,1369.68851552586,1251.4477308348,1401.32267581603,1437.35255926682,1430.83759524001,1526.76215686432,1513.74473232746,1400.80017246744,1499.54915145963,1437.79769434265,1312.85815512836,1254.29176565636,-0.896233690587451,-2.98809508243858,1560.23717596777,1543.65438425495,1654.47223069804,186.089613431337,200.327702535206,190.730366211017,1695.37384061384,1559.12244751517,1458.90770370115,1668.00526181415,1689.73052521707,1745.40469208699,1795.52649260019,1712.486000367,1843.82311641942,1907.39154252858,1660.71442360498,1493.62470471096,1369.05877490527,1555.09321166919,1549.06401625508,1525.39586826689,1588.12703598378,1633.34258336754,1711.67437842029,1570.06415987241,1397.04498096362,1467.13259907042,1488.88627406586,1576.0286197974,1618.96345169317,1605.48929624385,1665.26086614367,1552.668177638,1483.61356626519,1356.11551727331
,26,1152.63773332267,1305.81215804077,1022.91577038908,1026.80566117968,1039.89671679536,1147.8336576507,1043.15280754574,1144.95679440243,1075.49752035106,1141.94912665337,1012.43353458496,1532.52440222359,1679.28256084917,1294.1522579642,1395.54711973272,1289.61155624876,1424.45003886015,1339.51663061813,1527.80444490998,1367.1234512929,1454.57131352073,1208.41493789717,1637.20180871695,1695.50475402662,1465.19805600149,1378.1584361511,1664.17976922895,1678.62364919093,1564.29115771792,1717.47746076153,1691.88726365882,1475.60096124329,1344.28091719743,1361.53819398748,1478.84195213474,1424.2237920535,1410.02018869854,1506.04871471691,1487.6807956379,1376.20587859355,1471.51246591703,1421.88214583587,1297.78723651294,1243.45004221608,-1.21884719928812,-0.595228382482219,1532.493061815,1509.93003515969,1623.48099375037,334.818639568548,363.84705220714,345.093271972096,1687.26141366475,1541.75681657877,1449.15851650642,1655.52804202538,1671.6032264358,1730.22768786646,1790.48241372746,1709.21561923172,1836.57978932301,1894.2146873586,1646.23173062022,1481.68194643699,1351.1853772632,1538.1184990543,1528.84842332731,1517.19071934616,1580.72311912453,1624.98093538462,1701.94850842574,1562.57265605859,1388.66855878853,1449.56181404149,1468.29784980856,1555.02721324888,1612.58293589585,1600.65788665553,1660.1984663484,1541.03692390085,1470.35959081776,1345.7926753204
,27,1150.68637907719,1304.62466310256,1012.20351795918,1017.75213228633,1029.07117623056,1145.40465789611,1034.70498967039,1142.45503961746,1066.30340372575,1136.54332981765,1006.38163311643,1529.49131963544,1680.70275482795,1285.87604971445,1389.94933556013,1279.596262497,1421.41237362725,1334.74490924344,1521.53525463784,1363.01238860571,1450.09913196084,1205.34596453468,1642.40274334349,1703.36212430803,1454.31235228673,1367.99533576679,1654.74488256304,1674.6574254693,1558.13481069196,1711.14761878994,1672.55518690379,1462.58681190225,1328.80874674608,1455.39700902748,1526.22395027359,1416.11437430263,1399.19368028691,1492.31108490433,1473.42272815826,1361.65211260703,1455.43500102484,1415.30572749453,1289.61038954897,1237.29095895181,-0.816526102199987,1.1778544455874,1516.53572867473,1486.15695693105,1606.92255305722,570.819373008078,601.496980586064,574.618573500426,1684.05127567103,1533.06823805518,1443.82749346847,1649.23129306779,1662.19294898173,1723.77840763287,1783.75709067545,1706.47962597729,1833.86252353035,1890.32213776047,1638.82853744141,1468.27643815422,1341.6869292886,1528.88270017744,1516.05591834625,1513.39993334397,1575.56262357958,1618.53672053907,1693.71818879989,1557.82602761322,1382.8783998171,1436.35634121484,1455.97954675937,1542.19791736572,1609.08095823629,1598.25081260924,1658.3682701879,1534.09508531002,1463.33930980596,1340.46863357172
,28,1151.0497271619,1305.05495402402,1008.15619022135,1014.52712488311,1024.27579117606,1144.92692747574,1029.48070376499,1141.21062085809,1060.32123549344,1135.39999053231,1002.96367864477,1529.18423253634,1681.78370575679,1280.88659824999,1388.1403032569,1272.53890597224,1420.25845001921,1334.20348765625,1518.84394130673,1359.93484748739,1447.77661113727,1204.23495743691,1646.61231359485,1709.15366551161,1447.95118948397,1362.89502025288,1650.17799853176,1674.96636439363,1556.52120696484,1709.9295372209,1661.26828778104,1455.37079405823,1320.86604144747,1524.04846408528,1555.69271996078,1412.10670759202,1391.65157023145,1485.75606625453,1465.24395352146,1355.64181149552,1444.55209897015,1411.77141599143,1281.98688682899,1234.30209291024,3.01322165001602,2.22129719185796,1508.83312417534,1474.96047679572,1599.71814742954,854.169527045316,893.800950979804,868.124615240647,1684.45256286053,1527.77790017597,1441.25076609374,1644.7775726184,1660.22220305508,1721.07997553375,1781.33211432453,1707.66968787225,1831.53782783917,1888.47118948218,1635.37394065788,1465.6180633353,1334.15091781657,1525.65621412493,1506.20936711916,1510.89791275148,1572.24303262273,1616.43448341316,1690.24709362916,1556.01788240933,1378.40697457145,1429.53646391082,1448.60490090496,1534.97728778855,1608.00255122453,1599.69317863899,1658.66238255673,1533.71501260168,1459.40016783391,1340.67726139073
,29,1150.91221393606,1304.36495478871,1005.27825274084,1011.8414035814,1023.10543971349,1142.88623244489,1027.00571230947,1140.27579411249,1057.14060664456,1137.51894948982,1001.09356062881,1527.06442254394,1683.06114124463,1276.67715600644,1388.12233678958,1267.62132637586,1422.2204643132,1334.47869887509,1518.55698695157,1359.5444099744,1446.49089270567,1203.95613017163,1646.24109512272,1709.59562361789,1443.73056537198,1361.27099030747,1650.26986525404,1672.92771750788,1556.09334323915,1707.79893378806,1654.36610954294,1449.79798037403,1315.91048351724,1541.59906421762,1572.59227062034,1411.36978062868,1385.95843174017,1482.29131342708,1460.29345432632,1350.06542514708,1437.87279692026,1412.26918026408,1279.35788539021,1233.44337097859,2.8750268328431,-0.184590663145173,1504.51295629648,1467.45796872076,1595.76242596291,1124.89187687037,1159.45760102332,1139.3727354417,1683.02555371261,1523.31830330475,1442.49406565186,1643.5909931084,1659.23931996272,1722.20537117314,1780.92979898277,1705.87225339658,1833.21827600387,1887.36519217474,1633.00197162033,1463.28225760098,1329.2693442028,1523.43982247567,1501.14879390148,1510.97234538323,1571.56044017819,1614.02737957663,1685.44170242933,1554.90170143924,1376.24240923185,1424.09970872162,1446.91952412293,1528.81280059423,1608.5745948918,1600.47639143632,1660.86130050516,1533.67483005288,1459.58229540072,1344.63760572149
,30,1150.32753582986,1305.88216126256,1003.76355432767,1009.45620219231,1023.88876431505,1143.20592137068,1026.24414469615,1141.81303429392,1055.26943254018,1138.4620133716,1001.31752051802,1525.13102568682,1685.0321922646,1275.9757560842,1389.88509317741,1266.83050750864,1425.31742750235,1335.91208227325,1520.54342246115,1361.65739607907,1448.43680181794,1205.37171085098,1647.96121656608,1711.25476168586,1441.13263020655,1362.33627032609,1653.85417348069,1675.69152729353,1557.6555096658,1711.5020654288,1652.13679752383,1446.15796172866,1313.45431215313,1538.60544025103,1583.35321164253,1412.33992480656,1381.03253882106,1481.04204010727,1456.68713494552,1349.37233584968,1434.02963918157,1415.06232416693,1276.01565382417,1236.20295748132,7.26202112599867,9.29067932741918,1502.71081738581,1467.12959552152,1593.52288223975,1339.61777237831,1366.4660930691,1355.441062541,1686.30932944488,1522.74152973538,1446.36605204531,1645.07662229511,1663.34720706213,1727.7695184659,1785.28069616848,1707.76560913789,1837.46775260055,1888.21644815914,1630.24939009378,1464.90893053273,1327.18022881074,1525.29579976034,1497.57003159407,1513.86036703382,1573.73173775688,1618.05475056011,1688.0805385829,1555.69991023847,1378.27229801783,1424.87775608738,1447.31471526499,1528.41498543088,1611.72775205645,1602.30668587021,1663.00107128528,1536.98799395626,1462.01277903409,1350.01489279327
,31,1148.42614999579,1303.46220307804,1000.14076477049,1003.47948830261,1021.75363135508,1141.40100920569,1020.9253737209,1141.04544321954,1051.82946973569,1138.86889514101,997.359828833872,1519.58736278186,1685.41757474101,1271.1802825131,1388.46759285734,1260.66380462785,1424.37661678385,1334.88399795399,1520.40737379851,1363.24233291428,1446.55259476353,1204.38400409133,1643.89121485293,1707.57470216153,1436.50624549325,1358.09649592295,1653.20585413513,1674.13714409758,1555.38080291732,1710.08310071668,1647.43881879192,1440.22519096391,1310.14355275932,1530.80961069217,1587.43517140652,1412.74787498744,1375.3900042429,1476.14959768478,1452.38782428705,1344.48348694863,1429.03532304496,1414.68964933544,1272.75309524817,1235.5835210263,16.3002771803449,13.9158949342359,1497.75130342672,1462.9559725356,1590.33309958913,1470.52742325281,1488.35503915777,1484.06653164502,1684.73487795169,1517.83691594496,1446.2243853066,1647.07966517852,1661.58295343611,1729.69227293789,1787.17554357562,1706.56409561913,1838.5652674815,1886.08095059189,1624.27636736026,1464.33270892153,1322.99739015203,1523.7891717321,1493.50911230365,1515.44267614808,1572.45937103852,1616.93485386406,1687.07269876419,1553.68609639934,1375.65672288458,1420.40450541215,1443.57926700749,1522.90807361539,1611.30647665257,1598.95435316148,1662.60626345128,1535.45731365132,1461.96024801294,1350.82449314367
,32,1147.5836380457,1305.62024462785,998.486313582953,1001.54061831089,1022.51947215524,1140.95360153583,1016.85836129959,1143.47467079631,1050.53766047044,1138.47490974411,996.168795589891,1516.03234694489,1683.75754088358,1268.43615463305,1390.18997676436,1256.12359700312,1424.64518674521,1335.08357503645,1521.10090555031,1364.30516449367,1446.21864645403,1206.63533858452,1643.78620903441,1706.41050421924,1433.32470107119,1356.49897789776,1654.62185439075,1675.56730427941,1555.84207226406,1710.84119100488,1642.66057331446,1435.74741668027,1307.86432267747,1524.24124569347,1589.37390127494,1414.43228643649,1372.07742155825,1473.71310040786,1451.24160938872,1343.80816686968,1426.50428846959,1416.5339814786,1268.84723950374,1236.54031384317,30.3447988818966,35.6152438066347,1496.13867849888,1461.60566131233,1588.54825689192,1527.21142426801,1536.29338738062,1538.52763626207,1686.4184357014,1517.02099291649,1446.25680205492,1649.62190166275,1666.02164918315,1732.58190822677,1788.54107442392,1714.11227985666,1842.17360869783,1886.74575344411,1620.08295871388,1467.33963329439,1320.55561427269,1523.33714660422,1489.9064209902,1515.78390628471,1572.45638839269,1618.67741798193,1688.90811735822,1552.46241977193,1376.05268687978,1420.18682914531,1442.81050104658,1521.60622853508,1613.70535306385,1600.01835749918,1662.52219043788,1536.9113515654,1464.35400087482,1352.83171141784
,33,1147.16957717871,1308.14173591385,996.752251575958,999.92782690227,1022.69522032243,1140.34312611686,1012.14615148445,1143.57684754719,1049.10042782624,1140.08351763381,994.632491830065,1514.36356645029,1681.93128069196,1264.65490374527,1392.04982160203,1251.02391825095,1422.60212373807,1334.11259628465,1520.99026953281,1365.81718643296,1447.18295678114,1208.65594501705,1642.19646447323,1705.77826144622,1428.90752000305,1354.74359926617,1654.15340076861,1676.16429307148,1556.98225161143,1712.6918389492,1638.68414740808,1434.81388656306,1306.12322965446,1515.96829820118,1590.50821136845,1414.27894726049,1368.49168064578,1472.17363757399,1450.45300958666,1339.2052627332,1422.89077487492,1415.9765631721,1266.83775846699,1237.86993610814,61.5671671603723,63.4858043509853,1492.66108161892,1457.23673002256,1586.79251694949,1534.16852687565,1535.00727969542,1544.81694185946,1686.79302056694,1514.87371834176,1448.31725514276,1650.94263182931,1669.06175122364,1733.66848962981,1791.4247444539,1720.05818944521,1844.28680809163,1888.05409378994,1616.92712603381,1471.41181993965,1316.7140109827,1523.04337377267,1486.64425367069,1516.02374476355,1572.14503839204,1617.73109903557,1689.6808707912,1550.86932426311,1376.67682250574,1416.75661396433,1439.85844540793,1518.41001620862,1614.86843407441,1601.39060704556,1664.25612528254,1538.32081043459,1466.28995888943,1356.32416121872
,34,1148.97402036826,1312.18960935619,997.211330512688,1002.20442924926,1025.89295807596,1143.17112435396,1011.95005705897,1147.50550917373,1048.95712050077,1142.74485040625,996.022586143416,1515.64095165884,1681.78015277495,1264.57626379885,1394.7967311554,1249.89410034577,1425.64810289898,1335.71825389917,1523.00210296116,1368.36938173783,1452.71054501111,1212.70782461899,1641.94850488322,1707.94572303176,1427.65608372375,1355.24534959626,1660.35816762266,1678.83070595364,1560.53318915021,1716.95288124291,1638.99512642633,1433.85425764727,1306.95755356132,1510.49560633814,1590.93587660904,1416.47353103667,1365.62035867616,1472.80046587333,1452.33688525953,1340.20266175575,1421.00232273036,1419.70534631169,1266.13400091368,1244.31256529683,117.080700331477,111.025954172895,1493.45894252775,1456.74637090204,1585.45480786826,1520.20007357705,1519.11293594467,1533.32112968359,1689.77127646415,1516.93014180477,1451.88896871892,1657.25690491902,1675.45081219927,1739.5256306195,1794.62999390431,1728.06806972211,1846.6771543075,1892.7977477199,1617.62373692196,1481.85228969504,1315.0829752268,1524.86134830466,1486.76820838048,1517.8193455066,1574.72341495646,1619.11894747448,1693.83498663788,1552.28231518946,1381.23974789827,1419.28435030968,1441.55531302873,1521.10043811267,1617.6268478627,1607.58025622949,1666.49979573019,1544.63400142525,1472.21931083008,1362.94648690845
,35,1147.15662494653,1314.48429453748,996.615510510765,1003.19067831616,1025.86574179492,1145.72652660158,1009.14740493145,1148.21811159348,1046.03349592464,1145.07468067226,997.230606201037,1514.64997341123,1681.856658554,1262.39925817386,1397.10722416621,1247.06261189683,1424.31131359376,1336.80167327654,1523.14824945822,1368.5101288106,1455.44378844432,1214.74557678417,1638.08158252498,1708.01751378173,1424.82266423586,1353.88058156168,1663.16442213705,1681.37003760232,1561.58429275044,1719.45235686803,1637.77979036388,1433.24572403509,1306.70839025261,1504.5281611763,1591.83132841781,1415.68443429967,1361.99294452551,1470.50305742509,1452.12514843308,1339.00609090923,1415.97217354144,1421.13977168304,1262.48994490848,1246.26121309296,206.594206862513,206.05289216733,1491.05758924421,1455.69774396592,1581.8151872322,1506.01064481414,1502.28351415084,1517.11863604479,1690.58857167013,1515.04587957902,1453.84877583507,1659.58384482293,1677.48156732728,1742.55986619896,1796.38491653507,1730.11572124069,1845.99926338401,1896.09125557009,1617.21254581506,1487.98267381232,1313.80075586586,1527.82461039677,1483.02107256334,1519.48145565417,1575.27805183336,1619.63717789643,1695.0575014108,1553.42583939716,1383.13121424857,1418.23487534037,1440.56141169041,1518.2688079686,1618.08816218272,1609.35660560561,1668.20287786614,1548.06327208109,1474.16687323683,1368.02726196339
,36,1145.01588817668,1314.5237271035,995.57843191463,1004.1461220588,1026.70670062383,1148.2925291018,1007.18319308425,1149.97104541982,1042.79262545924,1145.05136966043,997.448779120343,1510.60929032061,1682.60446667166,1259.27211994408,1397.96710433235,1244.19722161122,1424.20645997976,1337.49506187185,1524.77059267218,1368.17462279071,1455.27894014159,1216.9682067104,1635.79422228245,1704.67306015571,1421.19303205235,1352.83402680561,1665.31210668355,1682.65278233085,1562.83498217178,1720.68026670007,1633.26287476082,1430.29142682201,1305.55156399506,1500.60124730228,1591.09038127335,1417.07784007467,1359.34129964984,1466.23822922947,1450.07697237301,1338.47097523359,1410.44480349134,1422.75387274476,1258.40191899242,1247.13920237067,331.169204683042,330.227035455184,1489.98283320923,1453.51797325565,1579.34471145392,1494.38678882941,1493.36434236834,1504.08980990816,1692.2096520744,1511.64421355782,1452.53186701772,1662.78709697266,1677.50507714512,1746.40130717611,1797.68944777594,1731.6299427825,1844.5656524732,1896.84393687815,1614.92100255981,1491.45563825472,1313.22988468057,1526.56264960903,1480.64093186701,1518.55226944161,1575.18761960868,1619.92244808503,1695.0710961267,1554.77578816512,1385.02135432628,1416.2562953677,1439.2111694675,1514.34411236643,1617.56904624899,1608.25475732864,1668.13409701743,1550.01742896803,1475.47017504356,1369.20265448723
,37,1141.14140955015,1314.95647660553,993.033998315068,1002.72924929403,1026.08634009822,1149.14617012041,1004.44460327561,1149.79729331718,1041.35309566082,1145.31864579797,995.510772297935,1503.7621276743,1682.02657571681,1258.03092856775,1399.68235496231,1242.44305673462,1423.21331795612,1337.60983703397,1526.73842214475,1366.75966847935,1453.57557853059,1217.61372821447,1631.23763778777,1700.01365289684,1415.18326408549,1352.65617824458,1664.04228696768,1683.56385674691,1562.99690511837,1722.65072126837,1628.26748076903,1428.73800840247,1302.46591468321,1494.50832821186,1588.41414525783,1416.11455509437,1357.44965482534,1462.86999634937,1448.53181656605,1336.38828122138,1405.00810750919,1422.43726796639,1253.06815462656,1247.11282415851,472.32655420833,485.612302707237,1487.93421650013,1451.88698594277,1576.06620997362,1489.10978563454,1484.90652946415,1495.76798979012,1691.87291551918,1508.50923230572,1452.24370175134,1662.94613976379,1678.77001605045,1746.16323228795,1799.21792649385,1731.85323804325,1845.71628627402,1896.5199563228,1611.53943995109,1489.60259096415,1310.84251482075,1527.1888190883,1476.59492832058,1518.34625640877,1573.4217856239,1620.96698344432,1693.18816156524,1555.77448647826,1385.85875786188,1410.84152421973,1438.14629940786,1510.65169757847,1619.2721391534,1606.03653954126,1667.0586875524,1548.63093885778,1476.68999498245,1371.47621377047
,38,1139.67778194343,1315.38336277843,990.465759813631,1000.96127996833,1027.23172476673,1149.85820265811,1001.33958780906,1150.76293450704,1038.81050313045,1146.41879141893,993.31227260746,1497.22966701078,1681.54295362742,1255.73738138243,1400.55143962247,1240.88934732844,1424.81072198779,1337.97038202561,1527.36904648976,1369.6845082511,1454.1663495795,1220.21172406989,1628.05808178223,1695.35814974468,1412.06946425059,1352.81782834854,1663.46882911773,1682.86377169769,1561.89470193721,1724.15337330307,1623.42326957412,1425.59581137533,1299.96476368239,1489.6785702292,1585.66982428285,1418.05177655402,1354.43992970157,1461.10694427908,1445.34950637244,1333.62593668872,1401.39309389442,1422.53371932767,1250.31270545179,1248.9524894544,596.636811078089,611.66429617089,1486.80209431825,1450.70968031559,1576.6179989206,1482.80739397186,1481.08043746607,1491.2462911897,1693.64954039835,1505.71915087531,1452.00990712203,1664.79415703568,1679.27873980145,1749.24956088059,1802.01857146787,1733.07399561591,1846.58297959758,1894.08996388188,1608.62227271925,1490.34642644305,1307.8937557409,1527.68617510499,1474.38508627049,1519.65712216972,1573.21548661676,1622.23105953808,1695.49233351034,1558.33435237163,1388.74896341192,1405.46014023977,1436.07443520999,1509.09002460749,1619.84640799683,1604.28120107856,1667.26557634987,1546.401164902,1477.73283688502,1374.07056820402
,39,1139.6831231991,1315.31664612871,988.625332989606,999.217460326123,1026.60331489038,1151.42222235315,999.361492273727,1154.88089480787,1038.26429911963,1149.15953294682,991.050172494822,1495.84897670286,1680.77099722893,1254.04370190787,1402.02637506191,1239.36290446034,1426.16584896388,1340.72826785441,1527.45263208434,1371.99972771345,1456.2923344381,1222.85602186121,1625.42384900223,1692.53263540083,1410.04219282896,1352.75263014333,1663.69846238493,1683.14738318959,1562.28825877596,1724.1521593354,1619.82136742332,1423.57413786653,1299.94517703857,1484.62900688408,1582.89237805118,1417.85849459792,1352.23986694933,1459.94020112597,1445.48344878009,1332.27533035132,1398.2246726286,1421.68202996554,1247.42757031371,1251.02722357253,652.46244484485,678.404847644597,1487.34537943038,1451.50941293094,1577.87930086152,1480.41840322371,1477.86736371857,1488.19227730861,1692.38202052913,1504.9036278845,1453.73793548006,1669.33794422537,1681.78972173075,1751.69412766957,1804.46077428467,1736.7325959024,1849.74664941651,1893.97576238024,1609.80450495366,1493.27503783281,1305.62346190435,1533.06086273394,1472.09452507859,1523.88951881676,1572.82426107647,1623.95688610779,1697.53685326358,1561.1268696258,1390.19461695312,1402.44389669309,1435.95152661607,1508.97307865937,1622.37538718847,1607.50438319154,1667.38930511751,1547.02163807887,1481.61305273512,1379.84931862651
,40,1139.90562710384,1313.79834657344,986.40144685619,997.420746735681,1024.6655491026,1153.46896074487,996.846860978839,1161.49126747093,1037.23002429556,1151.04809856444,989.836244626051,1496.92028206334,1680.27559365835,1249.99674597789,1402.38351902314,1236.76038975206,1425.81932500047,1342.37522541602,1526.58829069455,1375.08925935001,1458.95780199935,1225.95175879008,1624.98083288038,1690.0059006355,1409.14981077237,1351.34662273143,1664.228564831,1682.81725204648,1564.23123976733,1721.27492363941,1615.13623466054,1422.81349632634,1302.88026986326,1481.5798976289,1579.05658008358,1416.64654789567,1349.84353444676,1456.26361788028,1444.91223250293,1330.66546210771,1395.07484333143,1420.51991006544,1246.36390877018,1252.171397594,693.467947942102,727.587601075881,1487.29691360384,1450.36972764557,1579.94655101809,1477.17998119341,1475.85696626065,1485.21545588126,1690.18909034603,1503.87960445386,1455.18277969828,1676.05532854864,1682.97105882329,1754.23986127141,1806.49569918721,1739.80933847734,1853.28126724804,1894.51531144394,1611.24468430164,1496.43605098843,1306.47943389676,1538.18166098548,1470.03696825239,1527.75133991036,1571.82815767287,1625.53242733313,1699.47411726424,1562.92478258995,1391.34825973519,1400.54138550312,1435.39873398003,1507.83966578096,1624.76945131095,1612.42367443294,1667.07141758319,1549.35654783289,1484.6345605438,1384.41776053553
